plate	well	strain	replicate	initiationmutation	codonmutation	gene	knockout
1	B2	by4741	1	CAAA	NA	NA	WT
1	B3	schp15	1	CAAA	NA	NA	WT
1	B4	schp19	1	CAAA	cgg	maxhis3	WT
1	B5	schp20	1	CAAA	aga	maxhis3	WT
1	B9	schp521	1	CAAA	aga	pgk1	ΔLTN1
1	B10	schp522	1	CAAA	cgg	pgk1	ΔLTN1
1	B11	schp523	1	CCGA	cgg	pgk1	ΔLTN1
1	C2	schp524	1	CCGC	cgg	pgk1	ΔLTN1
1	C3	schp525	1	CCAA	cgg	pgk1	ΔLTN1
1	C4	schp526	1	CCAC	cgg	pgk1	ΔLTN1
1	C5	schp527	1	CTGC	cgg	pgk1	ΔLTN1
1	C6	schp528	1	AAAA	cgg	pgk1	ΔLTN1
1	C7	schp529	1	ACGC	cgg	pgk1	ΔLTN1
1	C8	schp530	1	CTG	cgg	pgk1	ΔLTN1
1	C9	schp531	1	CCGC	aga	pgk1	ΔLTN1
1	C10	schp532	1	CCAA	aga	pgk1	ΔLTN1
1	C11	schp533	1	CCAC	aga	pgk1	ΔLTN1
1	D2	schp534	1	CCGA	aga	pgk1	ΔLTN1
1	D3	schp535	1	CTGC	aga	pgk1	ΔLTN1
1	D4	schp536	1	AAAA	aga	pgk1	ΔLTN1
1	D5	schp537	1	ACGC	aga	pgk1	ΔLTN1
1	D6	schp538	1	CTG	aga	pgk1	ΔLTN1
1	D7	schp539	1	CAAA	aga	pgk1	ΔASC1
1	D8	schp540	1	CAAA	cgg	pgk1	ΔASC1
1	D9	schp541	1	CCGA	cgg	pgk1	ΔASC1
1	D10	schp542	1	CCGC	cgg	pgk1	ΔASC1
1	D11	schp543	1	CCAA	cgg	pgk1	ΔASC1
1	E2	schp544	1	CCAC	cgg	pgk1	ΔASC1
1	E3	schp545	1	CTGC	cgg	pgk1	ΔASC1
1	E4	schp546	1	AAAA	cgg	pgk1	ΔASC1
1	E5	schp547	1	ACGC	cgg	pgk1	ΔASC1
1	E6	schp548	1	CTG	cgg	pgk1	ΔASC1
1	E7	schp549	1	CCGC	aga	pgk1	ΔASC1
1	E8	schp550	1	CCAA	aga	pgk1	ΔASC1
1	E9	schp551	1	CCAC	aga	pgk1	ΔASC1
1	E10	schp552	1	CCGA	aga	pgk1	ΔASC1
1	E11	schp553	1	CTGC	aga	pgk1	ΔASC1
1	F2	schp554	1	AAAA	aga	pgk1	ΔASC1
1	F3	schp555	1	ACGC	aga	pgk1	ΔASC1
1	F4	schp556	1	CTG	aga	pgk1	ΔASC1
1	F5	schp557	1	CAAA	aga	pgk1	ΔHEL2
1	F6	schp558	1	CAAA	cgg	pgk1	ΔHEL2
1	F7	schp559	1	CCGA	cgg	pgk1	ΔHEL2
1	F8	schp560	1	CCGC	cgg	pgk1	ΔHEL2
1	F9	schp561	1	CCAA	cgg	pgk1	ΔHEL2
1	F10	schp562	1	CCAC	cgg	pgk1	ΔHEL2
1	F11	schp563	1	CTGC	cgg	pgk1	ΔHEL2
1	G2	schp564	1	AAAA	cgg	pgk1	ΔHEL2
1	G3	schp565	1	ACGC	cgg	pgk1	ΔHEL2
1	G4	schp566	1	CTG	cgg	pgk1	ΔHEL2
1	G5	schp567	1	CCGC	aga	pgk1	ΔHEL2
1	G6	schp568	1	CCAA	aga	pgk1	ΔHEL2
1	G7	schp569	1	CCAC	aga	pgk1	ΔHEL2
1	G8	schp570	1	CCGA	aga	pgk1	ΔHEL2
1	G9	schp571	1	CTGC	aga	pgk1	ΔHEL2
1	G10	schp572	1	AAAA	aga	pgk1	ΔHEL2
1	G11	schp573	1	ACGC	aga	pgk1	ΔHEL2
1	H2	schp574	1	CTG	aga	pgk1	ΔHEL2
2	B2	by4741	2	CAAA	NA	NA	WT
2	B3	schp15	2	CAAA	NA	NA	WT
2	B4	schp19	2	CAAA	cgg	maxhis3	WT
2	B5	schp20	2	CAAA	aga	maxhis3	WT
2	B9	schp521	2	CAAA	aga	pgk1	ΔLTN1
2	B10	schp522	2	CAAA	cgg	pgk1	ΔLTN1
2	B11	schp523	2	CCGA	cgg	pgk1	ΔLTN1
2	C2	schp524	2	CCGC	cgg	pgk1	ΔLTN1
2	C3	schp525	2	CCAA	cgg	pgk1	ΔLTN1
2	C4	schp526	2	CCAC	cgg	pgk1	ΔLTN1
2	C5	schp527	2	CTGC	cgg	pgk1	ΔLTN1
2	C6	schp528	2	AAAA	cgg	pgk1	ΔLTN1
2	C7	schp529	2	ACGC	cgg	pgk1	ΔLTN1
2	C8	schp530	2	CTG	cgg	pgk1	ΔLTN1
2	C9	schp531	2	CCGC	aga	pgk1	ΔLTN1
2	C10	schp532	2	CCAA	aga	pgk1	ΔLTN1
2	C11	schp533	2	CCAC	aga	pgk1	ΔLTN1
2	D2	schp534	2	CCGA	aga	pgk1	ΔLTN1
2	D3	schp535	2	CTGC	aga	pgk1	ΔLTN1
2	D4	schp536	2	AAAA	aga	pgk1	ΔLTN1
2	D5	schp537	2	ACGC	aga	pgk1	ΔLTN1
2	D6	schp538	2	CTG	aga	pgk1	ΔLTN1
2	D7	schp539	2	CAAA	aga	pgk1	ΔASC1
2	D8	schp540	2	CAAA	cgg	pgk1	ΔASC1
2	D9	schp541	2	CCGA	cgg	pgk1	ΔASC1
2	D10	schp542	2	CCGC	cgg	pgk1	ΔASC1
2	D11	schp543	2	CCAA	cgg	pgk1	ΔASC1
2	E2	schp544	2	CCAC	cgg	pgk1	ΔASC1
2	E3	schp545	2	CTGC	cgg	pgk1	ΔASC1
2	E4	schp546	2	AAAA	cgg	pgk1	ΔASC1
2	E5	schp547	2	ACGC	cgg	pgk1	ΔASC1
2	E6	schp548	2	CTG	cgg	pgk1	ΔASC1
2	E7	schp549	2	CCGC	aga	pgk1	ΔASC1
2	E8	schp550	2	CCAA	aga	pgk1	ΔASC1
2	E9	schp551	2	CCAC	aga	pgk1	ΔASC1
2	E10	schp552	2	CCGA	aga	pgk1	ΔASC1
2	E11	schp553	2	CTGC	aga	pgk1	ΔASC1
2	F2	schp554	2	AAAA	aga	pgk1	ΔASC1
2	F3	schp555	2	ACGC	aga	pgk1	ΔASC1
2	F4	schp556	2	CTG	aga	pgk1	ΔASC1
2	F5	schp557	2	CAAA	aga	pgk1	ΔHEL2
2	F6	schp558	2	CAAA	cgg	pgk1	ΔHEL2
2	F7	schp559	2	CCGA	cgg	pgk1	ΔHEL2
2	F8	schp560	2	CCGC	cgg	pgk1	ΔHEL2
2	F9	schp561	2	CCAA	cgg	pgk1	ΔHEL2
2	F10	schp562	2	CCAC	cgg	pgk1	ΔHEL2
2	F11	schp563	2	CTGC	cgg	pgk1	ΔHEL2
2	G2	schp564	2	AAAA	cgg	pgk1	ΔHEL2
2	G3	schp565	2	ACGC	cgg	pgk1	ΔHEL2
2	G4	schp566	2	CTG	cgg	pgk1	ΔHEL2
2	G5	schp567	2	CCGC	aga	pgk1	ΔHEL2
2	G6	schp568	2	CCAA	aga	pgk1	ΔHEL2
2	G7	schp569	2	CCAC	aga	pgk1	ΔHEL2
2	G8	schp570	2	CCGA	aga	pgk1	ΔHEL2
2	G9	schp571	2	CTGC	aga	pgk1	ΔHEL2
2	G10	schp572	2	AAAA	aga	pgk1	ΔHEL2
2	G11	schp573	2	ACGC	aga	pgk1	ΔHEL2
2	H2	schp574	2	CTG	aga	pgk1	ΔHEL2
3	B2	by4741	3	CAAA	NA	NA	WT
3	B3	schp15	3	CAAA	NA	NA	WT
3	B4	schp19	3	CAAA	cgg	maxhis3	WT
3	B5	schp20	3	CAAA	aga	maxhis3	WT
3	B9	schp521	3	CAAA	aga	pgk1	ΔLTN1
3	B10	schp522	3	CAAA	cgg	pgk1	ΔLTN1
3	B11	schp523	3	CCGA	cgg	pgk1	ΔLTN1
3	C2	schp524	3	CCGC	cgg	pgk1	ΔLTN1
3	C3	schp525	3	CCAA	cgg	pgk1	ΔLTN1
3	C4	schp526	3	CCAC	cgg	pgk1	ΔLTN1
3	C5	schp527	3	CTGC	cgg	pgk1	ΔLTN1
3	C6	schp528	3	AAAA	cgg	pgk1	ΔLTN1
3	C7	schp529	3	ACGC	cgg	pgk1	ΔLTN1
3	C8	schp530	3	CTG	cgg	pgk1	ΔLTN1
3	C9	schp531	3	CCGC	aga	pgk1	ΔLTN1
3	C10	schp532	3	CCAA	aga	pgk1	ΔLTN1
3	C11	schp533	3	CCAC	aga	pgk1	ΔLTN1
3	D2	schp534	3	CCGA	aga	pgk1	ΔLTN1
3	D3	schp535	3	CTGC	aga	pgk1	ΔLTN1
3	D4	schp536	3	AAAA	aga	pgk1	ΔLTN1
3	D5	schp537	3	ACGC	aga	pgk1	ΔLTN1
3	D6	schp538	3	CTG	aga	pgk1	ΔLTN1
3	D7	schp539	3	CAAA	aga	pgk1	ΔASC1
3	D8	schp540	3	CAAA	cgg	pgk1	ΔASC1
3	D9	schp541	3	CCGA	cgg	pgk1	ΔASC1
3	D10	schp542	3	CCGC	cgg	pgk1	ΔASC1
3	D11	schp543	3	CCAA	cgg	pgk1	ΔASC1
3	E2	schp544	3	CCAC	cgg	pgk1	ΔASC1
3	E3	schp545	3	CTGC	cgg	pgk1	ΔASC1
3	E4	schp546	3	AAAA	cgg	pgk1	ΔASC1
3	E5	schp547	3	ACGC	cgg	pgk1	ΔASC1
3	E6	schp548	3	CTG	cgg	pgk1	ΔASC1
3	E7	schp549	3	CCGC	aga	pgk1	ΔASC1
3	E8	schp550	3	CCAA	aga	pgk1	ΔASC1
3	E9	schp551	3	CCAC	aga	pgk1	ΔASC1
3	E10	schp552	3	CCGA	aga	pgk1	ΔASC1
3	E11	schp553	3	CTGC	aga	pgk1	ΔASC1
3	F2	schp554	3	AAAA	aga	pgk1	ΔASC1
3	F3	schp555	3	ACGC	aga	pgk1	ΔASC1
3	F4	schp556	3	CTG	aga	pgk1	ΔASC1
3	F5	schp557	3	CAAA	aga	pgk1	ΔHEL2
3	F6	schp558	3	CAAA	cgg	pgk1	ΔHEL2
3	F7	schp559	3	CCGA	cgg	pgk1	ΔHEL2
3	F8	schp560	3	CCGC	cgg	pgk1	ΔHEL2
3	F9	schp561	3	CCAA	cgg	pgk1	ΔHEL2
3	F10	schp562	3	CCAC	cgg	pgk1	ΔHEL2
3	F11	schp563	3	CTGC	cgg	pgk1	ΔHEL2
3	G2	schp564	3	AAAA	cgg	pgk1	ΔHEL2
3	G3	schp565	3	ACGC	cgg	pgk1	ΔHEL2
3	G4	schp566	3	CTG	cgg	pgk1	ΔHEL2
3	G5	schp567	3	CCGC	aga	pgk1	ΔHEL2
3	G6	schp568	3	CCAA	aga	pgk1	ΔHEL2
3	G7	schp569	3	CCAC	aga	pgk1	ΔHEL2
3	G8	schp570	3	CCGA	aga	pgk1	ΔHEL2
3	G9	schp571	3	CTGC	aga	pgk1	ΔHEL2
3	G10	schp572	3	AAAA	aga	pgk1	ΔHEL2
3	G11	schp573	3	ACGC	aga	pgk1	ΔHEL2
3	H2	schp574	3	CTG	aga	pgk1	ΔHEL2
4	B2	by4741	4	CAAA	NA	NA	WT
4	B3	schp15	4	CAAA	NA	NA	WT
4	B4	schp19	4	CAAA	cgg	maxhis3	WT
4	B5	schp20	4	CAAA	aga	maxhis3	WT
4	B9	schp521	4	CAAA	aga	pgk1	ΔLTN1
4	B10	schp522	4	CAAA	cgg	pgk1	ΔLTN1
4	B11	schp523	4	CCGA	cgg	pgk1	ΔLTN1
4	C2	schp524	4	CCGC	cgg	pgk1	ΔLTN1
4	C3	schp525	4	CCAA	cgg	pgk1	ΔLTN1
4	C4	schp526	4	CCAC	cgg	pgk1	ΔLTN1
4	C5	schp527	4	CTGC	cgg	pgk1	ΔLTN1
4	C6	schp528	4	AAAA	cgg	pgk1	ΔLTN1
4	C7	schp529	4	ACGC	cgg	pgk1	ΔLTN1
4	C8	schp530	4	CTG	cgg	pgk1	ΔLTN1
4	C9	schp531	4	CCGC	aga	pgk1	ΔLTN1
4	C10	schp532	4	CCAA	aga	pgk1	ΔLTN1
4	C11	schp533	4	CCAC	aga	pgk1	ΔLTN1
4	D2	schp534	4	CCGA	aga	pgk1	ΔLTN1
4	D3	schp535	4	CTGC	aga	pgk1	ΔLTN1
4	D4	schp536	4	AAAA	aga	pgk1	ΔLTN1
4	D5	schp537	4	ACGC	aga	pgk1	ΔLTN1
4	D6	schp538	4	CTG	aga	pgk1	ΔLTN1
4	D7	schp539	4	CAAA	aga	pgk1	ΔASC1
4	D8	schp540	4	CAAA	cgg	pgk1	ΔASC1
4	D9	schp541	4	CCGA	cgg	pgk1	ΔASC1
4	D10	schp542	4	CCGC	cgg	pgk1	ΔASC1
4	D11	schp543	4	CCAA	cgg	pgk1	ΔASC1
4	E2	schp544	4	CCAC	cgg	pgk1	ΔASC1
4	E3	schp545	4	CTGC	cgg	pgk1	ΔASC1
4	E4	schp546	4	AAAA	cgg	pgk1	ΔASC1
4	E5	schp547	4	ACGC	cgg	pgk1	ΔASC1
4	E6	schp548	4	CTG	cgg	pgk1	ΔASC1
4	E7	schp549	4	CCGC	aga	pgk1	ΔASC1
4	E8	schp550	4	CCAA	aga	pgk1	ΔASC1
4	E9	schp551	4	CCAC	aga	pgk1	ΔASC1
4	E10	schp552	4	CCGA	aga	pgk1	ΔASC1
4	E11	schp553	4	CTGC	aga	pgk1	ΔASC1
4	F2	schp554	4	AAAA	aga	pgk1	ΔASC1
4	F3	schp555	4	ACGC	aga	pgk1	ΔASC1
4	F4	schp556	4	CTG	aga	pgk1	ΔASC1
4	F5	schp557	4	CAAA	aga	pgk1	ΔHEL2
4	F6	schp558	4	CAAA	cgg	pgk1	ΔHEL2
4	F7	schp559	4	CCGA	cgg	pgk1	ΔHEL2
4	F8	schp560	4	CCGC	cgg	pgk1	ΔHEL2
4	F9	schp561	4	CCAA	cgg	pgk1	ΔHEL2
4	F10	schp562	4	CCAC	cgg	pgk1	ΔHEL2
4	F11	schp563	4	CTGC	cgg	pgk1	ΔHEL2
4	G2	schp564	4	AAAA	cgg	pgk1	ΔHEL2
4	G3	schp565	4	ACGC	cgg	pgk1	ΔHEL2
4	G4	schp566	4	CTG	cgg	pgk1	ΔHEL2
4	G5	schp567	4	CCGC	aga	pgk1	ΔHEL2
4	G6	schp568	4	CCAA	aga	pgk1	ΔHEL2
4	G7	schp569	4	CCAC	aga	pgk1	ΔHEL2
4	G8	schp570	4	CCGA	aga	pgk1	ΔHEL2
4	G9	schp571	4	CTGC	aga	pgk1	ΔHEL2
4	G10	schp572	4	AAAA	aga	pgk1	ΔHEL2
4	G11	schp573	4	ACGC	aga	pgk1	ΔHEL2
4	H2	schp574	4	CTG	aga	pgk1	ΔHEL2
