plate	well	strain	replicate	initiationmutation	codonmutation	gene	knockout	complement
1	B2	by4741	1	CAAA	NA	NA	NA	NA
1	B3	schp15	1	CAAA	NA	NA	NA	NA
1	B4	schp19	1	CAAA	cgg	maxhis3	NA	NA
1	B5	schp20	1	CAAA	aga	maxhis3	NA	NA
1	B8	schp771	1	CAAA	cca	pgk1	asc1	NA
1	B9	schp772	1	CCAC	cca	pgk1	asc1	NA
1	B10	schp773	1	CTGC	cca	pgk1	asc1	NA
1	B11	schp774	1	CAAA	ccg	pgk1	asc1	NA
1	C2	schp775	1	CCAC	ccg	pgk1	asc1	NA
1	C3	schp776	1	CTGC	ccg	pgk1	asc1	NA
1	C4	schp777	1	CAAA	cca	pgk1	hel2	NA
1	C5	schp778	1	CCAC	cca	pgk1	hel2	NA
1	C6	schp779	1	CTGC	cca	pgk1	hel2	NA
1	C7	schp780	1	CAAA	ccg	pgk1	hel2	NA
1	C8	schp781	1	CCAC	ccg	pgk1	hel2	NA
1	C9	schp782	1	CTGC	ccg	pgk1	hel2	NA
1	C10	schp1137	1	CAAA	cca	pgk1	hel2	hel2
1	C11	schp1138	1	CCAC	cca	pgk1	hel2	hel2
1	D2	schp1139	1	CTGC	cca	pgk1	hel2	hel2
1	D3	schp1140	1	CAAA	ccg	pgk1	hel2	hel2
1	D4	schp1141	1	CCAC	ccg	pgk1	hel2	hel2
1	D5	schp1142	1	CTGC	ccg	pgk1	hel2	hel2
1	D6	schp1143	1	CAAA	cca	pgk1	hel2	hel2_c64a
1	D7	schp1144	1	CCAC	cca	pgk1	hel2	hel2_c64a
1	D8	schp1145	1	CTGC	cca	pgk1	hel2	hel2_c64a
1	D9	schp1146	1	CAAA	ccg	pgk1	hel2	hel2_c64a
1	D10	schp1147	1	CCAC	ccg	pgk1	hel2	hel2_c64a
1	D11	schp1148	1	CTGC	ccg	pgk1	hel2	hel2_c64a
1	E2	schp1149	1	CAAA	cca	pgk1	hel2	hel2_delring
1	E3	schp1150	1	CCAC	cca	pgk1	hel2	hel2_delring
1	E4	schp1151	1	CTGC	cca	pgk1	hel2	hel2_delring
1	E5	schp1152	1	CAAA	ccg	pgk1	hel2	hel2_delring
1	E6	schp1153	1	CCAC	ccg	pgk1	hel2	hel2_delring
1	E7	schp1154	1	CTGC	ccg	pgk1	hel2	hel2_delring
1	E8	schp1155	1	CAAA	cca	pgk1	asc1	asc1
1	E9	schp1156	1	CCAC	cca	pgk1	asc1	asc1
1	E10	schp1157	1	CTGC	cca	pgk1	asc1	asc1
1	E11	schp1158	1	CAAA	ccg	pgk1	asc1	asc1
1	F2	schp1159	1	CCAC	ccg	pgk1	asc1	asc1
1	F3	schp1160	1	CTGC	ccg	pgk1	asc1	asc1
1	F4	schp1161	1	CAAA	cca	pgk1	asc1	asc1_h16
1	F5	schp1162	1	CCAC	cca	pgk1	asc1	asc1_h16
1	F6	schp1163	1	CTGC	cca	pgk1	asc1	asc1_h16
1	F7	schp1164	1	CAAA	ccg	pgk1	asc1	asc1_h16
1	F8	schp1165	1	CCAC	ccg	pgk1	asc1	asc1_h16
1	F9	schp1166	1	CTGC	ccg	pgk1	asc1	asc1_h16
1	F10	schp1167	1	CAAA	cca	pgk1	asc1	asc1_r38
1	F11	schp1168	1	CCAC	cca	pgk1	asc1	asc1_r38
1	G2	schp1169	1	CTGC	cca	pgk1	asc1	asc1_r38
1	G3	schp1170	1	CAAA	ccg	pgk1	asc1	asc1_r38
1	G4	schp1171	1	CCAC	ccg	pgk1	asc1	asc1_r38
1	G5	schp1172	1	CTGC	ccg	pgk1	asc1	asc1_r38
1	G6	schp1173	1	CAAA	cca	pgk1	asc1	asc1_w85
1	G7	schp1174	1	CCAC	cca	pgk1	asc1	asc1_w85
1	G8	schp1175	1	CTGC	cca	pgk1	asc1	asc1_w85
1	G9	schp1176	1	CAAA	ccg	pgk1	asc1	asc1_w85
1	G10	schp1177	1	CCAC	ccg	pgk1	asc1	asc1_w85
1	G11	schp1178	1	CTGC	ccg	pgk1	asc1	asc1_w85
2	B2	by4741	2	CAAA	NA	NA	NA	NA
2	B3	schp15	2	CAAA	NA	NA	NA	NA
2	B4	schp19	2	CAAA	cgg	maxhis3	NA	NA
2	B5	schp20	2	CAAA	aga	maxhis3	NA	NA
2	B8	schp771	2	CAAA	cca	pgk1	asc1	NA
2	B9	schp772	2	CCAC	cca	pgk1	asc1	NA
2	B10	schp773	2	CTGC	cca	pgk1	asc1	NA
2	B11	schp774	2	CAAA	ccg	pgk1	asc1	NA
2	C2	schp775	2	CCAC	ccg	pgk1	asc1	NA
2	C3	schp776	2	CTGC	ccg	pgk1	asc1	NA
2	C4	schp777	2	CAAA	cca	pgk1	hel2	NA
2	C5	schp778	2	CCAC	cca	pgk1	hel2	NA
2	C6	schp779	2	CTGC	cca	pgk1	hel2	NA
2	C7	schp780	2	CAAA	ccg	pgk1	hel2	NA
2	C8	schp781	2	CCAC	ccg	pgk1	hel2	NA
2	C9	schp782	2	CTGC	ccg	pgk1	hel2	NA
2	C10	schp1137	2	CAAA	cca	pgk1	hel2	hel2
2	C11	schp1138	2	CCAC	cca	pgk1	hel2	hel2
2	D2	schp1139	2	CTGC	cca	pgk1	hel2	hel2
2	D3	schp1140	2	CAAA	ccg	pgk1	hel2	hel2
2	D4	schp1141	2	CCAC	ccg	pgk1	hel2	hel2
2	D5	schp1142	2	CTGC	ccg	pgk1	hel2	hel2
2	D6	schp1143	2	CAAA	cca	pgk1	hel2	hel2_c64a
2	D7	schp1144	2	CCAC	cca	pgk1	hel2	hel2_c64a
2	D8	schp1145	2	CTGC	cca	pgk1	hel2	hel2_c64a
2	D9	schp1146	2	CAAA	ccg	pgk1	hel2	hel2_c64a
2	D10	schp1147	2	CCAC	ccg	pgk1	hel2	hel2_c64a
2	D11	schp1148	2	CTGC	ccg	pgk1	hel2	hel2_c64a
2	E2	schp1149	2	CAAA	cca	pgk1	hel2	hel2_delring
2	E3	schp1150	2	CCAC	cca	pgk1	hel2	hel2_delring
2	E4	schp1151	2	CTGC	cca	pgk1	hel2	hel2_delring
2	E5	schp1152	2	CAAA	ccg	pgk1	hel2	hel2_delring
2	E6	schp1153	2	CCAC	ccg	pgk1	hel2	hel2_delring
2	E7	schp1154	2	CTGC	ccg	pgk1	hel2	hel2_delring
2	E8	schp1155	2	CAAA	cca	pgk1	asc1	asc1
2	E9	schp1156	2	CCAC	cca	pgk1	asc1	asc1
2	E10	schp1157	2	CTGC	cca	pgk1	asc1	asc1
2	E11	schp1158	2	CAAA	ccg	pgk1	asc1	asc1
2	F2	schp1159	2	CCAC	ccg	pgk1	asc1	asc1
2	F3	schp1160	2	CTGC	ccg	pgk1	asc1	asc1
2	F4	schp1161	2	CAAA	cca	pgk1	asc1	asc1_h16
2	F5	schp1162	2	CCAC	cca	pgk1	asc1	asc1_h16
2	F6	schp1163	2	CTGC	cca	pgk1	asc1	asc1_h16
2	F7	schp1164	2	CAAA	ccg	pgk1	asc1	asc1_h16
2	F8	schp1165	2	CCAC	ccg	pgk1	asc1	asc1_h16
2	F9	schp1166	2	CTGC	ccg	pgk1	asc1	asc1_h16
2	F10	schp1167	2	CAAA	cca	pgk1	asc1	asc1_r38
2	F11	schp1168	2	CCAC	cca	pgk1	asc1	asc1_r38
2	G2	schp1169	2	CTGC	cca	pgk1	asc1	asc1_r38
2	G3	schp1170	2	CAAA	ccg	pgk1	asc1	asc1_r38
2	G4	schp1171	2	CCAC	ccg	pgk1	asc1	asc1_r38
2	G5	schp1172	2	CTGC	ccg	pgk1	asc1	asc1_r38
2	G6	schp1173	2	CAAA	cca	pgk1	asc1	asc1_w85
2	G7	schp1174	2	CCAC	cca	pgk1	asc1	asc1_w85
2	G8	schp1175	2	CTGC	cca	pgk1	asc1	asc1_w85
2	G9	schp1176	2	CAAA	ccg	pgk1	asc1	asc1_w85
2	G10	schp1177	2	CCAC	ccg	pgk1	asc1	asc1_w85
2	G11	schp1178	2	CTGC	ccg	pgk1	asc1	asc1_w85
3	B2	by4741	3	CAAA	NA	NA	NA	NA
3	B3	schp15	3	CAAA	NA	NA	NA	NA
3	B4	schp19	3	CAAA	cgg	maxhis3	NA	NA
3	B5	schp20	3	CAAA	aga	maxhis3	NA	NA
3	B8	schp771	3	CAAA	cca	pgk1	asc1	NA
3	B9	schp772	3	CCAC	cca	pgk1	asc1	NA
3	B10	schp773	3	CTGC	cca	pgk1	asc1	NA
3	B11	schp774	3	CAAA	ccg	pgk1	asc1	NA
3	C2	schp775	3	CCAC	ccg	pgk1	asc1	NA
3	C3	schp776	3	CTGC	ccg	pgk1	asc1	NA
3	C4	schp777	3	CAAA	cca	pgk1	hel2	NA
3	C5	schp778	3	CCAC	cca	pgk1	hel2	NA
3	C6	schp779	3	CTGC	cca	pgk1	hel2	NA
3	C7	schp780	3	CAAA	ccg	pgk1	hel2	NA
3	C8	schp781	3	CCAC	ccg	pgk1	hel2	NA
3	C9	schp782	3	CTGC	ccg	pgk1	hel2	NA
3	C10	schp1137	3	CAAA	cca	pgk1	hel2	hel2
3	C11	schp1138	3	CCAC	cca	pgk1	hel2	hel2
3	D2	schp1139	3	CTGC	cca	pgk1	hel2	hel2
3	D3	schp1140	3	CAAA	ccg	pgk1	hel2	hel2
3	D4	schp1141	3	CCAC	ccg	pgk1	hel2	hel2
3	D5	schp1142	3	CTGC	ccg	pgk1	hel2	hel2
3	D6	schp1143	3	CAAA	cca	pgk1	hel2	hel2_c64a
3	D7	schp1144	3	CCAC	cca	pgk1	hel2	hel2_c64a
3	D8	schp1145	3	CTGC	cca	pgk1	hel2	hel2_c64a
3	D9	schp1146	3	CAAA	ccg	pgk1	hel2	hel2_c64a
3	D10	schp1147	3	CCAC	ccg	pgk1	hel2	hel2_c64a
3	D11	schp1148	3	CTGC	ccg	pgk1	hel2	hel2_c64a
3	E2	schp1149	3	CAAA	cca	pgk1	hel2	hel2_delring
3	E3	schp1150	3	CCAC	cca	pgk1	hel2	hel2_delring
3	E4	schp1151	3	CTGC	cca	pgk1	hel2	hel2_delring
3	E5	schp1152	3	CAAA	ccg	pgk1	hel2	hel2_delring
3	E6	schp1153	3	CCAC	ccg	pgk1	hel2	hel2_delring
3	E7	schp1154	3	CTGC	ccg	pgk1	hel2	hel2_delring
3	E8	schp1155	3	CAAA	cca	pgk1	asc1	asc1
3	E9	schp1156	3	CCAC	cca	pgk1	asc1	asc1
3	E10	schp1157	3	CTGC	cca	pgk1	asc1	asc1
3	E11	schp1158	3	CAAA	ccg	pgk1	asc1	asc1
3	F2	schp1159	3	CCAC	ccg	pgk1	asc1	asc1
3	F3	schp1160	3	CTGC	ccg	pgk1	asc1	asc1
3	F4	schp1161	3	CAAA	cca	pgk1	asc1	asc1_h16
3	F5	schp1162	3	CCAC	cca	pgk1	asc1	asc1_h16
3	F6	schp1163	3	CTGC	cca	pgk1	asc1	asc1_h16
3	F7	schp1164	3	CAAA	ccg	pgk1	asc1	asc1_h16
3	F8	schp1165	3	CCAC	ccg	pgk1	asc1	asc1_h16
3	F9	schp1166	3	CTGC	ccg	pgk1	asc1	asc1_h16
3	F10	schp1167	3	CAAA	cca	pgk1	asc1	asc1_r38
3	F11	schp1168	3	CCAC	cca	pgk1	asc1	asc1_r38
3	G2	schp1169	3	CTGC	cca	pgk1	asc1	asc1_r38
3	G3	schp1170	3	CAAA	ccg	pgk1	asc1	asc1_r38
3	G4	schp1171	3	CCAC	ccg	pgk1	asc1	asc1_r38
3	G5	schp1172	3	CTGC	ccg	pgk1	asc1	asc1_r38
3	G6	schp1173	3	CAAA	cca	pgk1	asc1	asc1_w85
3	G7	schp1174	3	CCAC	cca	pgk1	asc1	asc1_w85
3	G8	schp1175	3	CTGC	cca	pgk1	asc1	asc1_w85
3	G9	schp1176	3	CAAA	ccg	pgk1	asc1	asc1_w85
3	G10	schp1177	3	CCAC	ccg	pgk1	asc1	asc1_w85
3	G11	schp1178	3	CTGC	ccg	pgk1	asc1	asc1_w85
4	B2	by4741	4	CAAA	NA	NA	NA	NA
4	B3	schp15	4	CAAA	NA	NA	NA	NA
4	B4	schp19	4	CAAA	cgg	maxhis3	NA	NA
4	B5	schp20	4	CAAA	aga	maxhis3	NA	NA
4	B8	schp771	4	CAAA	cca	pgk1	asc1	NA
4	B9	schp772	4	CCAC	cca	pgk1	asc1	NA
4	B10	schp773	4	CTGC	cca	pgk1	asc1	NA
4	B11	schp774	4	CAAA	ccg	pgk1	asc1	NA
4	C2	schp775	4	CCAC	ccg	pgk1	asc1	NA
4	C3	schp776	4	CTGC	ccg	pgk1	asc1	NA
4	C4	schp777	4	CAAA	cca	pgk1	hel2	NA
4	C5	schp778	4	CCAC	cca	pgk1	hel2	NA
4	C6	schp779	4	CTGC	cca	pgk1	hel2	NA
4	C7	schp780	4	CAAA	ccg	pgk1	hel2	NA
4	C8	schp781	4	CCAC	ccg	pgk1	hel2	NA
4	C9	schp782	4	CTGC	ccg	pgk1	hel2	NA
4	C10	schp1137	4	CAAA	cca	pgk1	hel2	hel2
4	C11	schp1138	4	CCAC	cca	pgk1	hel2	hel2
4	D2	schp1139	4	CTGC	cca	pgk1	hel2	hel2
4	D3	schp1140	4	CAAA	ccg	pgk1	hel2	hel2
4	D4	schp1141	4	CCAC	ccg	pgk1	hel2	hel2
4	D5	schp1142	4	CTGC	ccg	pgk1	hel2	hel2
4	D6	schp1143	4	CAAA	cca	pgk1	hel2	hel2_c64a
4	D7	schp1144	4	CCAC	cca	pgk1	hel2	hel2_c64a
4	D8	schp1145	4	CTGC	cca	pgk1	hel2	hel2_c64a
4	D9	schp1146	4	CAAA	ccg	pgk1	hel2	hel2_c64a
4	D10	schp1147	4	CCAC	ccg	pgk1	hel2	hel2_c64a
4	D11	schp1148	4	CTGC	ccg	pgk1	hel2	hel2_c64a
4	E2	schp1149	4	CAAA	cca	pgk1	hel2	hel2_delring
4	E3	schp1150	4	CCAC	cca	pgk1	hel2	hel2_delring
4	E4	schp1151	4	CTGC	cca	pgk1	hel2	hel2_delring
4	E5	schp1152	4	CAAA	ccg	pgk1	hel2	hel2_delring
4	E6	schp1153	4	CCAC	ccg	pgk1	hel2	hel2_delring
4	E7	schp1154	4	CTGC	ccg	pgk1	hel2	hel2_delring
4	E8	schp1155	4	CAAA	cca	pgk1	asc1	asc1
4	E9	schp1156	4	CCAC	cca	pgk1	asc1	asc1
4	E10	schp1157	4	CTGC	cca	pgk1	asc1	asc1
4	E11	schp1158	4	CAAA	ccg	pgk1	asc1	asc1
4	F2	schp1159	4	CCAC	ccg	pgk1	asc1	asc1
4	F3	schp1160	4	CTGC	ccg	pgk1	asc1	asc1
4	F4	schp1161	4	CAAA	cca	pgk1	asc1	asc1_h16
4	F5	schp1162	4	CCAC	cca	pgk1	asc1	asc1_h16
4	F6	schp1163	4	CTGC	cca	pgk1	asc1	asc1_h16
4	F7	schp1164	4	CAAA	ccg	pgk1	asc1	asc1_h16
4	F8	schp1165	4	CCAC	ccg	pgk1	asc1	asc1_h16
4	F9	schp1166	4	CTGC	ccg	pgk1	asc1	asc1_h16
4	F10	schp1167	4	CAAA	cca	pgk1	asc1	asc1_r38
4	F11	schp1168	4	CCAC	cca	pgk1	asc1	asc1_r38
4	G2	schp1169	4	CTGC	cca	pgk1	asc1	asc1_r38
4	G3	schp1170	4	CAAA	ccg	pgk1	asc1	asc1_r38
4	G4	schp1171	4	CCAC	ccg	pgk1	asc1	asc1_r38
4	G5	schp1172	4	CTGC	ccg	pgk1	asc1	asc1_r38
4	G6	schp1173	4	CAAA	cca	pgk1	asc1	asc1_w85
4	G7	schp1174	4	CCAC	cca	pgk1	asc1	asc1_w85
4	G8	schp1175	4	CTGC	cca	pgk1	asc1	asc1_w85
4	G9	schp1176	4	CAAA	ccg	pgk1	asc1	asc1_w85
4	G10	schp1177	4	CCAC	ccg	pgk1	asc1	asc1_w85
4	G11	schp1178	4	CTGC	ccg	pgk1	asc1	asc1_w85
