lane	area	mean	min	max	codon	initiation	blot	strain	antibody
1	2640	178.915	123	255	aga	ctgc	1	wt	h3
2	2640	175.332	123	255	aga	ccac	1	wt	h3
3	2640	176.784	124	255	aga	caaa	1	wt	h3
4	2640	176.423	123	255	aag	ctgc	1	wt	h3
5	2640	174.141	124	255	aag	ccac	1	wt	h3
6	2640	171.369	123	255	aag	caaa	1	wt	h3
7	2640	123.969	122	129	NA	NA	1	wt	h3
1	4000	133.744	100	244	aga	ctgc	1	wt	flag
2	4000	173.01	99	255	aga	ccac	1	wt	flag
3	4000	207.847	99	255	aga	caaa	1	wt	flag
4	4000	129.05	96	253	aag	ctgc	1	wt	flag
5	4000	160.699	96	255	aag	ccac	1	wt	flag
6	4000	137.076	92	255	aag	caaa	1	wt	flag
7	4000	96.117	90	108	NA	NA	1	wt	flag
1	2349	152.338	77	255	cca	ctgc	2	wt	h3
2	2349	160.877	75	255	cca	ccac	2	wt	h3
3	2349	158.782	77	255	cca	caaa	2	wt	h3
4	2349	155.893	76	255	ccg	ctgc	2	wt	h3
5	2349	166.976	74	255	ccg	ccac	2	wt	h3
6	2349	172.455	77	255	ccg	caaa	2	wt	h3
7	2349	79.711	69	92	NA	NA	2	wt	h3
1	4059	174.54	77	255	cca	ctgc	2	wt	flag
2	4059	198.031	78	255	cca	ccac	2	wt	flag
3	4059	214.04	78	255	cca	caaa	2	wt	flag
4	4059	162.192	77	255	ccg	ctgc	2	wt	flag
5	4059	187.485	77	255	ccg	ccac	2	wt	flag
6	4059	153.206	76	255	ccg	caaa	2	wt	flag
7	4059	76.975	76	78	NA	NA	2	wt	flag
1	2112	169.529	83	255	aga	ctgc	3	wt	h3
2	2112	177.197	80	255	aga	ccac	3	wt	h3
3	2112	175.536	80	255	aga	caaa	3	wt	h3
4	2112	162.819	80	255	cgg	ctgc	3	wt	h3
5	2112	176.112	80	255	cgg	ccac	3	wt	h3
6	2112	161.703	76	255	cgg	caaa	3	wt	h3
7	2112	80.46	67	91	NA	NA	3	wt	h3
1	3948	170.113	77	255	aga	ctgc	3	wt	flag
2	3948	206.49	78	255	aga	ccac	3	wt	flag
3	3948	219.286	79	255	aga	caaa	3	wt	flag
4	3948	169.008	77	255	cgg	ctgc	3	wt	flag
5	3948	190.251	77	255	cgg	ccac	3	wt	flag
6	3948	161.515	77	255	cgg	caaa	3	wt	flag
7	3948	76.328	76	78	NA	NA	3	wt	flag
1	1584	200.854	132	255	ccg	ctgc	4	wt	h3
2	1584	197.952	129	255	ccg	ccac	4	wt	h3
3	1584	191.202	128	255	ccg	caaa	4	wt	h3
4	1584	197.572	130	255	cca	ctgc	4	wt	h3
5	1584	193.647	132	255	cca	ccac	4	wt	h3
6	1584	190.486	138	255	cca	caaa	4	wt	h3
7	1584	142.645	129	158	NA	NA	4	wt	h3
1	2277	122.379	27	255	ccg	ctgc	4	wt	flag
2	2277	143.957	27	255	ccg	ccac	4	wt	flag
3	2277	104.724	28	255	ccg	caaa	4	wt	flag
4	2277	122.712	28	255	cca	ctgc	4	wt	flag
5	2277	151.455	29	255	cca	ccac	4	wt	flag
6	2277	177.791	37	255	cca	caaa	4	wt	flag
7	2277	29.368	27	40	NA	NA	4	wt	flag
1	1368	187.646	135	255	ccg	ctgc	5	ltn1	h3
2	1368	189.365	130	255	ccg	ccac	5	ltn1	h3
3	1368	189.963	127	255	ccg	caaa	5	ltn1	h3
4	1368	200.077	129	255	cca	ctgc	5	ltn1	h3
5	1368	207.173	137	255	cca	ccac	5	ltn1	h3
6	1368	199.156	127	255	cca	caaa	5	ltn1	h3
7	1368	137.609	122	154	NA	NA	5	ltn1	h3
1	1920	148.211	27	255	ccg	ctgc	5	ltn1	flag
2	1920	182.629	28	255	ccg	ccac	5	ltn1	flag
3	1920	140.07	28	255	ccg	caaa	5	ltn1	flag
4	1920	147.038	28	255	cca	ctgc	5	ltn1	flag
5	1920	190.362	31	255	cca	ccac	5	ltn1	flag
6	1920	213.936	32	255	cca	caaa	5	ltn1	flag
7	1920	27.93	26	31	NA	NA	5	ltn1	flag
1	1426	200.384	134	255	ccg	ctgc	6	dom34	h3
2	1426	200.604	137	255	ccg	ccac	6	dom34	h3
3	1426	200.572	126	255	ccg	caaa	6	dom34	h3
4	1426	204.3	130	255	cca	ctgc	6	dom34	h3
5	1426	198.508	129	255	cca	ccac	6	dom34	h3
6	1426	198.15	130	255	cca	caaa	6	dom34	h3
7	1426	135.79	123	149	NA	NA	6	dom34	h3
1	2144	125.52	28	255	ccg	ctgc	6	dom34	flag
2	2144	154.87	28	255	ccg	ccac	6	dom34	flag
3	2144	132.709	28	255	ccg	caaa	6	dom34	flag
4	2144	131.751	28	255	cca	ctgc	6	dom34	flag
5	2144	167.66	29	255	cca	ccac	6	dom34	flag
6	2144	195.405	29	255	cca	caaa	6	dom34	flag
7	2144	29.497	26	43	NA	NA	6	dom34	flag
1	1650	203.301	137	255	ccg	ctgc	7	hel2	h3
2	1650	191.705	130	255	ccg	ccac	7	hel2	h3
3	1650	190.885	133	255	ccg	caaa	7	hel2	h3
4	1650	187.406	131	255	cca	ctgc	7	hel2	h3
5	1650	193.624	133	255	cca	ccac	7	hel2	h3
6	1650	184.098	133	255	cca	caaa	7	hel2	h3
7	1650	140.825	128	154	NA	NA	7	hel2	h3
1	2312	116.792	30	255	ccg	ctgc	7	hel2	flag
2	2312	139.056	28	255	ccg	ccac	7	hel2	flag
3	2312	129.303	27	255	ccg	caaa	7	hel2	flag
4	2312	106.833	27	255	cca	ctgc	7	hel2	flag
5	2312	147.817	27	255	cca	ccac	7	hel2	flag
6	2312	166.067	27	255	cca	caaa	7	hel2	flag
7	2312	30.699	28	35	NA	NA	7	hel2	flag
1	1320	189.881	131	255	ccg	ctgc	8	asc1	h3
2	1320	177.136	131	251	ccg	ccac	8	asc1	h3
3	1320	179.177	130	255	ccg	caaa	8	asc1	h3
4	1320	189.574	133	255	cca	ctgc	8	asc1	h3
5	1320	199.098	135	255	cca	ccac	8	asc1	h3
6	1320	186.022	128	255	cca	caaa	8	asc1	h3
7	1320	139.532	126	154	NA	NA	8	asc1	h3
1	2343	130.021	28	255	ccg	ctgc	8	asc1	flag
2	2343	155.25	28	255	ccg	ccac	8	asc1	flag
3	2343	205.78	30	255	ccg	caaa	8	asc1	flag
4	2343	131.496	29	255	cca	ctgc	8	asc1	flag
5	2343	157.352	29	255	cca	ccac	8	asc1	flag
6	2343	163.907	30	255	cca	caaa	8	asc1	flag
7	2343	31.304	28	47	NA	NA	8	asc1	flag
