nrows	sim_id	rxn_type	mean_abort_per_m	sd_abort_per_m	total_abort	total_time	abort_freq
1	1	preterm_no_hit_endocleaved	1	0	2	879537	2e-6
2	101	preterm_5_hit_endocleaved	1	0	6	728429	8e-6
2	101	preterm_no_hit_endocleaved	1	1	130	979698	1.33e-4
2	102	preterm_5_hit_endocleaved	1	0	5	922634	5e-6
2	102	preterm_no_hit_endocleaved	1	0	203	995388	2.04e-4
2	103	preterm_5_hit_endocleaved	1	0	14	976217	1.4e-5
2	103	preterm_no_hit_endocleaved	1	0	770	999411	7.7e-4
2	104	preterm_5_hit_endocleaved	1	0	24	985313	2.4e-5
2	104	preterm_no_hit_endocleaved	1	0	825	995901	8.28e-4
2	105	preterm_5_hit_endocleaved	1	NA	1	859189	1e-6
2	105	preterm_no_hit_endocleaved	1	0	9	859189	1e-5
1	106	preterm_no_hit_endocleaved	1	0	7	486164	1.4e-5
2	107	preterm_5_hit_endocleaved	1	0	8	970030	8e-6
2	107	preterm_no_hit_endocleaved	1	0	39	975774	4e-5
2	108	preterm_5_hit_endocleaved	1	0	18	918390	2e-5
2	108	preterm_no_hit_endocleaved	1	0	217	995259	2.18e-4
2	109	preterm_5_hit_endocleaved	1	0	43	991698	4.3e-5
2	109	preterm_no_hit_endocleaved	1	0	448	996534	4.5e-4
2	111	preterm_5_hit_endocleaved	1	NA	1	298713	3e-6
2	111	preterm_no_hit_endocleaved	1	0	71	980175	7.2e-5
2	112	preterm_5_hit_endocleaved	1	0	3	843949	4e-6
2	112	preterm_no_hit_endocleaved	1	0	194	999368	1.94e-4
2	113	preterm_5_hit_endocleaved	1	0	7	906579	8e-6
2	113	preterm_no_hit_endocleaved	1	0	602	999971	6.02e-4
2	114	preterm_5_hit_endocleaved	1	0	10	714307	1.4e-5
2	114	preterm_no_hit_endocleaved	1	0	708	998505	7.09e-4
1	117	preterm_no_hit_endocleaved	2	NA	2	354811	6e-6
1	118	preterm_no_hit_endocleaved	1	NA	1	428379	2e-6
2	119	preterm_5_hit_endocleaved	1	0	2	658759	3e-6
2	119	preterm_no_hit_endocleaved	2	0	37	955942	3.9e-5
1	12	preterm_no_hit_endocleaved	1	0	5	810467	6e-6
2	121	preterm_5_hit_endocleaved	8	7	1518	999688	0.001518
2	121	preterm_no_hit_endocleaved	6	7	1888	999688	0.001889
2	122	preterm_5_hit_endocleaved	9	7	2537	999346	0.002539
2	122	preterm_no_hit_endocleaved	6	7	3115	999346	0.003117
2	123	preterm_5_hit_endocleaved	7	6	2437	999477	0.002438
2	123	preterm_no_hit_endocleaved	5	5	3781	999477	0.003783
2	124	preterm_5_hit_endocleaved	2	1	319	994799	3.21e-4
2	124	preterm_no_hit_endocleaved	2	1	1537	999983	0.001537
2	125	preterm_5_hit_endocleaved	6	5	4630	999615	0.004632
2	125	preterm_no_hit_endocleaved	4	3	3477	999615	0.003478
2	126	preterm_5_hit_endocleaved	5	4	4588	999382	0.004591
2	126	preterm_no_hit_endocleaved	3	2	3734	999998	0.003734
2	127	preterm_5_hit_endocleaved	3	2	2859	999998	0.002859
2	127	preterm_no_hit_endocleaved	3	1	3436	999942	0.003436
2	128	preterm_5_hit_endocleaved	2	1	1425	999647	0.001426
2	128	preterm_no_hit_endocleaved	3	1	3061	999647	0.003062
2	129	preterm_5_hit_endocleaved	1	1	1067	999269	0.001068
2	129	preterm_no_hit_endocleaved	3	1	3024	999269	0.003026
1	13	preterm_no_hit_endocleaved	1	0	21	983618	2.1e-5
2	131	preterm_5_hit_endocleaved	1	0	18	960093	1.9e-5
2	131	preterm_no_hit_endocleaved	2	1	489	992012	4.93e-4
2	132	preterm_5_hit_endocleaved	1	1	37	894031	4.1e-5
2	132	preterm_no_hit_endocleaved	2	1	859	998526	8.6e-4
2	133	preterm_5_hit_endocleaved	1	0	75	994957	7.5e-5
2	133	preterm_no_hit_endocleaved	2	1	1777	997825	0.001781
2	134	preterm_5_hit_endocleaved	1	0	70	936514	7.5e-5
2	134	preterm_no_hit_endocleaved	2	1	1444	997924	0.001447
2	135	preterm_5_hit_endocleaved	1	0	15	994099	1.5e-5
2	135	preterm_no_hit_endocleaved	3	1	55	994099	5.5e-5
2	136	preterm_5_hit_endocleaved	1	0	17	936696	1.8e-5
2	136	preterm_no_hit_endocleaved	2	1	110	996340	1.1e-4
2	137	preterm_5_hit_endocleaved	1	0	100	982020	1.02e-4
2	137	preterm_no_hit_endocleaved	2	1	397	986770	4.02e-4
2	138	preterm_5_hit_endocleaved	1	0	276	996642	2.77e-4
2	138	preterm_no_hit_endocleaved	2	1	1387	999439	0.001388
2	139	preterm_5_hit_endocleaved	1	0	389	999548	3.89e-4
2	139	preterm_no_hit_endocleaved	2	1	2127	999548	0.002128
1	14	preterm_no_hit_endocleaved	1	0	64	999951	6.4e-5
2	141	preterm_5_hit_endocleaved	1	0	16	932905	1.7e-5
2	141	preterm_no_hit_endocleaved	2	1	390	990207	3.94e-4
2	142	preterm_5_hit_endocleaved	1	0	21	948108	2.2e-5
2	142	preterm_no_hit_endocleaved	1	1	629	997095	6.31e-4
2	143	preterm_5_hit_endocleaved	1	0	60	997329	6e-5
2	143	preterm_no_hit_endocleaved	2	1	1428	999707	0.001428
2	144	preterm_5_hit_endocleaved	1	0	70	988330	7.1e-5
2	144	preterm_no_hit_endocleaved	1	1	1320	999424	0.001321
1	145	preterm_no_hit_endocleaved	1	0	3	892451	3e-6
1	146	preterm_no_hit_endocleaved	1	0	2	661849	3e-6
2	147	preterm_5_hit_endocleaved	1	0	4	871434	5e-6
2	147	preterm_no_hit_endocleaved	2	1	25	871434	2.9e-5
2	148	preterm_5_hit_endocleaved	1	0	6	923735	6e-6
2	148	preterm_no_hit_endocleaved	2	1	125	998288	1.25e-4
2	149	preterm_5_hit_endocleaved	1	0	19	961694	2e-5
2	149	preterm_no_hit_endocleaved	2	1	291	986038	2.95e-4
2	151	preterm_5_hit_endocleaved	15	8	4295	994653	0.004318
2	151	preterm_no_hit_endocleaved	11	10	4414	994653	0.004438
2	152	preterm_5_hit_endocleaved	14	8	6330	995216	0.00636
2	152	preterm_no_hit_endocleaved	11	11	7255	995216	0.00729
2	153	preterm_5_hit_endocleaved	10	8	4552	997144	0.004565
2	153	preterm_no_hit_endocleaved	7	8	5829	999556	0.005832
2	154	preterm_5_hit_endocleaved	2	2	505	998353	5.06e-4
2	154	preterm_no_hit_endocleaved	2	2	2201	999461	0.002202
2	155	preterm_5_hit_endocleaved	9	6	9230	999767	0.009232
2	155	preterm_no_hit_endocleaved	6	3	6054	999767	0.006055
2	156	preterm_5_hit_endocleaved	8	6	8687	999998	0.008687
2	156	preterm_no_hit_endocleaved	5	3	6070	999998	0.00607
2	157	preterm_5_hit_endocleaved	5	3	4893	998373	0.004901
2	157	preterm_no_hit_endocleaved	4	2	4787	998373	0.004795
2	158	preterm_5_hit_endocleaved	3	2	2640	998136	0.002645
2	158	preterm_no_hit_endocleaved	4	1	4738	998136	0.004747
2	159	preterm_5_hit_endocleaved	2	1	1994	998905	0.001996
2	159	preterm_no_hit_endocleaved	4	1	4640	998905	0.004645
2	161	preterm_5_hit_endocleaved	6	6	771	995065	7.75e-4
2	161	preterm_no_hit_endocleaved	5	6	2877	998982	0.00288
2	162	preterm_5_hit_endocleaved	4	5	1045	995697	0.00105
2	162	preterm_no_hit_endocleaved	5	6	3928	998246	0.003935
2	163	preterm_5_hit_endocleaved	2	2	518	997080	5.2e-4
2	163	preterm_no_hit_endocleaved	4	3	3671	998513	0.003676
2	164	preterm_5_hit_endocleaved	1	1	209	986011	2.12e-4
2	164	preterm_no_hit_endocleaved	2	2	2203	998650	0.002206
2	165	preterm_5_hit_endocleaved	6	4	1353	999006	0.001354
2	165	preterm_no_hit_endocleaved	4	2	1279	999006	0.00128
2	166	preterm_5_hit_endocleaved	4	4	1566	999972	0.001566
2	166	preterm_no_hit_endocleaved	4	2	1653	999972	0.001653
2	167	preterm_5_hit_endocleaved	3	2	1973	999833	0.001973
2	167	preterm_no_hit_endocleaved	4	1	3028	999833	0.003029
2	168	preterm_5_hit_endocleaved	2	1	1608	995613	0.001615
2	168	preterm_no_hit_endocleaved	4	1	4159	995613	0.004177
2	169	preterm_5_hit_endocleaved	2	1	1429	999999	0.001429
2	169	preterm_no_hit_endocleaved	4	1	4409	999999	0.004409
1	17	preterm_no_hit_endocleaved	1	NA	1	569125	2e-6
2	171	preterm_5_hit_endocleaved	1	0	96	989652	9.7e-5
2	171	preterm_no_hit_endocleaved	3	2	1354	999877	0.001354
2	172	preterm_5_hit_endocleaved	1	0	161	996742	1.62e-4
2	172	preterm_no_hit_endocleaved	3	2	1969	996742	0.001975
2	173	preterm_5_hit_endocleaved	1	0	313	996059	3.14e-4
2	173	preterm_no_hit_endocleaved	3	2	2830	998681	0.002834
2	174	preterm_5_hit_endocleaved	1	0	201	999017	2.01e-4
2	174	preterm_no_hit_endocleaved	2	1	2034	999638	0.002035
1	175	preterm_no_hit_endocleaved	3	1	10	992801	1e-5
2	176	preterm_5_hit_endocleaved	1	0	5	634663	8e-6
2	176	preterm_no_hit_endocleaved	3	2	37	966051	3.8e-5
2	177	preterm_5_hit_endocleaved	1	0	9	832280	1.1e-5
2	177	preterm_no_hit_endocleaved	3	2	167	995518	1.68e-4
2	178	preterm_5_hit_endocleaved	1	1	61	971918	6.3e-5
2	178	preterm_no_hit_endocleaved	3	2	617	997362	6.19e-4
2	179	preterm_5_hit_endocleaved	1	0	125	993146	1.26e-4
2	179	preterm_no_hit_endocleaved	3	2	1279	995676	0.001285
1	18	preterm_no_hit_endocleaved	2	NA	2	568983	4e-6
2	181	preterm_5_hit_endocleaved	16	9	5309	991541	0.005354
2	181	preterm_no_hit_endocleaved	13	12	6154	996745	0.006174
2	182	preterm_5_hit_endocleaved	16	9	8628	999477	0.008633
2	182	preterm_no_hit_endocleaved	12	11	9369	999477	0.009374
2	183	preterm_5_hit_endocleaved	11	9	5592	999772	0.005593
2	183	preterm_no_hit_endocleaved	8	9	7078	999772	0.00708
2	184	preterm_5_hit_endocleaved	2	3	748	999880	7.48e-4
2	184	preterm_no_hit_endocleaved	3	2	2752	999880	0.002752
2	185	preterm_5_hit_endocleaved	11	7	11683	999993	0.011683
2	185	preterm_no_hit_endocleaved	7	4	7480	999993	0.00748
2	186	preterm_5_hit_endocleaved	10	6	10221	1000000	0.010221
2	186	preterm_no_hit_endocleaved	6	4	6865	999999	0.006865
2	187	preterm_5_hit_endocleaved	8	5	8171	999958	0.008171
2	187	preterm_no_hit_endocleaved	6	2	6593	999958	0.006593
2	188	preterm_5_hit_endocleaved	4	3	4606	999933	0.004606
2	188	preterm_no_hit_endocleaved	6	2	6139	999933	0.006139
2	189	preterm_5_hit_endocleaved	3	2	3382	998575	0.003387
2	189	preterm_no_hit_endocleaved	6	2	6011	998575	0.00602
1	19	preterm_no_hit_endocleaved	1	0	4	827511	5e-6
2	191	preterm_5_hit_endocleaved	10	8	5084	996818	0.0051
2	191	preterm_no_hit_endocleaved	10	11	8143	996983	0.008168
2	192	preterm_5_hit_endocleaved	9	7	5545	998912	0.005551
2	192	preterm_no_hit_endocleaved	10	11	9749	999211	0.009757
2	193	preterm_5_hit_endocleaved	5	5	2206	997163	0.002212
2	193	preterm_no_hit_endocleaved	6	7	5833	997291	0.005849
2	194	preterm_5_hit_endocleaved	1	1	587	991354	5.92e-4
2	194	preterm_no_hit_endocleaved	3	2	2790	998661	0.002794
2	195	preterm_5_hit_endocleaved	10	6	8555	999853	0.008556
2	195	preterm_no_hit_endocleaved	6	3	5738	999853	0.005739
2	196	preterm_5_hit_endocleaved	9	6	8725	999459	0.00873
2	196	preterm_no_hit_endocleaved	6	3	6132	999459	0.006135
2	197	preterm_5_hit_endocleaved	6	4	6142	998986	0.006148
2	197	preterm_no_hit_endocleaved	6	2	5902	998986	0.005908
2	198	preterm_5_hit_endocleaved	4	2	4031	997979	0.004039
2	198	preterm_no_hit_endocleaved	6	1	6190	997979	0.006203
2	199	preterm_5_hit_endocleaved	3	2	3197	999602	0.003198
2	199	preterm_no_hit_endocleaved	6	1	6208	999602	0.00621
1	2	preterm_no_hit_endocleaved	1	0	7	923193	8e-6
2	201	preterm_5_hit_endocleaved	1	1	628	999972	6.28e-4
2	201	preterm_no_hit_endocleaved	4	3	3517	999972	0.003517
2	202	preterm_5_hit_endocleaved	2	1	841	997233	8.43e-4
2	202	preterm_no_hit_endocleaved	5	3	4336	999429	0.004338
2	203	preterm_5_hit_endocleaved	2	1	1074	999512	0.001075
2	203	preterm_no_hit_endocleaved	5	3	4828	999512	0.00483
2	204	preterm_5_hit_endocleaved	1	1	664	997857	6.65e-4
2	204	preterm_no_hit_endocleaved	3	2	3116	999887	0.003116
2	205	preterm_5_hit_endocleaved	1	1	6	983060	6e-6
2	205	preterm_no_hit_endocleaved	6	3	50	983060	5.1e-5
2	206	preterm_5_hit_endocleaved	2	2	45	908277	5e-5
2	206	preterm_no_hit_endocleaved	5	2	191	908277	2.1e-4
2	207	preterm_5_hit_endocleaved	2	1	182	997124	1.83e-4
2	207	preterm_no_hit_endocleaved	5	3	876	997124	8.79e-4
2	208	preterm_5_hit_endocleaved	2	1	866	995001	8.7e-4
2	208	preterm_no_hit_endocleaved	6	3	3730	995001	0.003749
2	209	preterm_5_hit_endocleaved	2	1	1202	999625	0.001202
2	209	preterm_no_hit_endocleaved	6	3	5109	999625	0.005111
1	21	preterm_no_hit_endocleaved	1	NA	1	348696	3e-6
2	211	preterm_5_hit_endocleaved	15	9	5104	998832	0.00511
2	211	preterm_no_hit_endocleaved	14	12	6234	999129	0.006239
2	212	preterm_5_hit_endocleaved	15	9	8798	999999	0.008798
2	212	preterm_no_hit_endocleaved	13	11	9346	999999	0.009346
2	213	preterm_5_hit_endocleaved	10	9	6735	999999	0.006735
2	213	preterm_no_hit_endocleaved	8	9	7975	999999	0.007975
2	214	preterm_5_hit_endocleaved	2	3	1641	999890	0.001641
2	214	preterm_no_hit_endocleaved	3	2	3421	999890	0.003421
2	215	preterm_5_hit_endocleaved	12	7	12288	999997	0.012288
2	215	preterm_no_hit_endocleaved	7	4	7709	999997	0.007709
2	216	preterm_5_hit_endocleaved	12	7	12310	999997	0.01231
2	216	preterm_no_hit_endocleaved	7	4	7730	999997	0.00773
2	217	preterm_5_hit_endocleaved	10	6	9649	999984	0.009649
2	217	preterm_no_hit_endocleaved	7	3	6610	999984	0.00661
2	218	preterm_5_hit_endocleaved	8	4	7466	999996	0.007466
2	218	preterm_no_hit_endocleaved	7	2	6980	999996	0.00698
2	219	preterm_5_hit_endocleaved	6	3	6483	999310	0.006487
2	219	preterm_no_hit_endocleaved	7	2	7295	999310	0.0073
1	22	preterm_no_hit_endocleaved	1	0	4	758650	5e-6
2	221	preterm_5_hit_endocleaved	12	8	5665	626962	0.009036
2	221	preterm_no_hit_endocleaved	14	13	8451	626962	0.013479
2	222	preterm_5_hit_endocleaved	11	8	8358	998308	0.008372
2	222	preterm_no_hit_endocleaved	13	13	13587	998308	0.01361
2	223	preterm_5_hit_endocleaved	6	7	4408	999336	0.004411
2	223	preterm_no_hit_endocleaved	8	9	8398	999336	0.008404
2	224	preterm_5_hit_endocleaved	2	2	1298	999978	0.0012979999999999999
2	224	preterm_no_hit_endocleaved	4	3	3600	999978	0.0036
2	225	preterm_5_hit_endocleaved	12	7	12150	999999	0.01215
2	225	preterm_no_hit_endocleaved	7	4	7622	999999	0.007622
2	226	preterm_5_hit_endocleaved	11	6	11162	999999	0.011162
2	226	preterm_no_hit_endocleaved	7	4	7188	999999	0.007188
2	227	preterm_5_hit_endocleaved	10	5	10376	999767	0.010378
2	227	preterm_no_hit_endocleaved	7	3	7227	999799	0.007228
2	228	preterm_5_hit_endocleaved	7	4	7678	999792	0.00768
2	228	preterm_no_hit_endocleaved	7	2	7528	999792	0.00753
2	229	preterm_5_hit_endocleaved	6	3	6922	992779	0.006972
2	229	preterm_no_hit_endocleaved	7	2	7599	992779	0.007654
1	23	preterm_no_hit_endocleaved	1	0	13	865044	1.5e-5
2	231	preterm_5_hit_endocleaved	4	3	2746	999821	0.002746
2	231	preterm_no_hit_endocleaved	7	4	6948	999821	0.006949
2	232	preterm_5_hit_endocleaved	4	3	3516	998840	0.00352
2	232	preterm_no_hit_endocleaved	7	4	7548	998840	0.007557
2	233	preterm_5_hit_endocleaved	3	2	2785	999509	0.002786
2	233	preterm_no_hit_endocleaved	6	4	6004	999509	0.006007
2	234	preterm_5_hit_endocleaved	2	1	1474	999802	0.001474
2	234	preterm_no_hit_endocleaved	3	2	3602	999802	0.003603
2	235	preterm_5_hit_endocleaved	4	3	140	454653	3.08e-4
2	235	preterm_no_hit_endocleaved	8	3	332	454653	7.3e-4
2	236	preterm_5_hit_endocleaved	4	3	385	491611	7.83e-4
2	236	preterm_no_hit_endocleaved	7	4	703	491611	0.00143
2	237	preterm_5_hit_endocleaved	4	3	1625	651083	0.002496
2	237	preterm_no_hit_endocleaved	8	4	3215	651083	0.004938
2	238	preterm_5_hit_endocleaved	5	3	4441	999386	0.004444
2	238	preterm_no_hit_endocleaved	8	4	7773	999386	0.007778
2	239	preterm_5_hit_endocleaved	4	3	4466	998040	0.004475
2	239	preterm_no_hit_endocleaved	8	4	8264	999960	0.008264
1	24	preterm_no_hit_endocleaved	1	0	45	997979	4.5e-5
2	241	preterm_5_hit_endocleaved	15	9	6093	999690	0.006095
2	241	preterm_no_hit_endocleaved	13	12	6764	999690	0.006766
2	242	preterm_5_hit_endocleaved	14	9	8833	997355	0.008856
2	242	preterm_no_hit_endocleaved	13	12	10102	998398	0.010118
2	243	preterm_5_hit_endocleaved	9	8	7726	999697	0.007728
2	243	preterm_no_hit_endocleaved	8	10	8818	999697	0.008821
2	244	preterm_5_hit_endocleaved	3	3	2631	999762	0.002632
2	244	preterm_no_hit_endocleaved	3	2	3380	999762	0.003381
2	245	preterm_5_hit_endocleaved	13	7	12206	999997	0.012206
2	245	preterm_no_hit_endocleaved	8	4	7661	999997	0.007661
2	246	preterm_5_hit_endocleaved	12	6	12673	996557	0.012717
2	246	preterm_no_hit_endocleaved	7	4	7861	996557	0.007888
2	247	preterm_5_hit_endocleaved	12	6	12470	999852	0.012472
2	247	preterm_no_hit_endocleaved	7	4	7945	999852	0.007946
2	248	preterm_5_hit_endocleaved	11	5	11144	999627	0.011148
2	248	preterm_no_hit_endocleaved	7	3	7729	999627	0.007732
2	249	preterm_5_hit_endocleaved	10	4	8469	995938	0.008504
2	249	preterm_no_hit_endocleaved	7	3	6559	995938	0.006586
2	251	preterm_5_hit_endocleaved	12	8	6537	704562	0.009278
2	251	preterm_no_hit_endocleaved	13	13	8513	704562	0.012083
2	252	preterm_5_hit_endocleaved	11	8	9312	999013	0.009321
2	252	preterm_no_hit_endocleaved	13	13	13132	999013	0.013145
2	253	preterm_5_hit_endocleaved	7	7	6238	999973	0.006238
2	253	preterm_no_hit_endocleaved	9	10	8823	999973	0.008823
2	254	preterm_5_hit_endocleaved	3	2	2490	999872	0.00249
2	254	preterm_no_hit_endocleaved	3	3	3246	999998	0.003246
2	255	preterm_5_hit_endocleaved	13	7	12489	997716	0.012518
2	255	preterm_no_hit_endocleaved	7	4	7669	997716	0.007687
2	256	preterm_5_hit_endocleaved	12	7	11111	999704	0.011114
2	256	preterm_no_hit_endocleaved	7	4	6914	999704	0.006916
2	257	preterm_5_hit_endocleaved	12	6	12046	999933	0.012047
2	257	preterm_no_hit_endocleaved	7	4	7759	999998	0.007759
2	258	preterm_5_hit_endocleaved	11	5	10733	999999	0.010733
2	258	preterm_no_hit_endocleaved	7	3	7437	999999	0.007437
2	259	preterm_5_hit_endocleaved	10	5	9989	997566	0.010013
2	259	preterm_no_hit_endocleaved	7	3	7462	997566	0.00748
2	261	preterm_5_hit_endocleaved	11	6	5432	551922	0.009842
2	261	preterm_no_hit_endocleaved	10	8	5736	551922	0.010393
2	262	preterm_5_hit_endocleaved	10	6	9112	979048	0.009307
2	262	preterm_no_hit_endocleaved	10	8	10193	979048	0.010411
2	263	preterm_5_hit_endocleaved	6	4	5489	998801	0.005496
2	263	preterm_no_hit_endocleaved	7	6	6877	998801	0.006885
2	264	preterm_5_hit_endocleaved	3	2	2712	995388	0.002725
2	264	preterm_no_hit_endocleaved	3	3	3629	999511	0.003631
2	265	preterm_5_hit_endocleaved	12	6	2000	232225	0.008612
2	265	preterm_no_hit_endocleaved	8	4	1345	232225	0.005792
2	266	preterm_5_hit_endocleaved	11	6	3186	325324	0.009793
2	266	preterm_no_hit_endocleaved	8	5	2352	325324	0.00723
2	267	preterm_5_hit_endocleaved	11	5	11427	999101	0.011437
2	267	preterm_no_hit_endocleaved	8	5	8598	999101	0.008606
2	268	preterm_5_hit_endocleaved	9	5	9469	997617	0.009492
2	268	preterm_no_hit_endocleaved	7	4	7923	997617	0.007942
2	269	preterm_5_hit_endocleaved	8	4	8263	999541	0.008267
2	269	preterm_no_hit_endocleaved	7	4	7593	999541	0.007596
1	3	preterm_no_hit_endocleaved	1	0	42	997113	4.2e-5
2	31	preterm_5_hit_endocleaved	1	NA	1	338749	3e-6
2	31	preterm_no_hit_endocleaved	1	0	15	951138	1.6e-5
2	32	preterm_5_hit_endocleaved	1	0	2	397109	5e-6
2	32	preterm_no_hit_endocleaved	1	0	39	976849	4e-5
2	33	preterm_5_hit_endocleaved	1	0	8	810501	1e-5
2	33	preterm_no_hit_endocleaved	1	0	185	988472	1.87e-4
2	34	preterm_5_hit_endocleaved	1	0	6	972874	6e-6
2	34	preterm_no_hit_endocleaved	1	0	257	991778	2.59e-4
1	35	preterm_no_hit_endocleaved	1	0	2	245520	8e-6
2	36	preterm_5_hit_endocleaved	1	0	2	548140	4e-6
2	36	preterm_no_hit_endocleaved	1	0	12	968265	1.2e-5
2	37	preterm_5_hit_endocleaved	1	0	9	833032	1.1e-5
2	37	preterm_no_hit_endocleaved	1	0	56	998300	5.6e-5
2	38	preterm_5_hit_endocleaved	1	0	24	971047	2.5e-5
2	38	preterm_no_hit_endocleaved	1	0	225	999136	2.25e-4
2	39	preterm_5_hit_endocleaved	1	0	26	971327	2.7e-5
2	39	preterm_no_hit_endocleaved	1	0	341	999611	3.41e-4
2	4	preterm_5_hit_endocleaved	1	0	3	995879	3e-6
2	4	preterm_no_hit_endocleaved	1	0	108	996514	1.08e-4
1	41	preterm_no_hit_endocleaved	1	0	11	886587	1.2e-5
1	42	preterm_no_hit_endocleaved	1	0	14	997170	1.4e-5
1	43	preterm_no_hit_endocleaved	1	0	59	992316	5.9e-5
2	44	preterm_5_hit_endocleaved	1	NA	1	885577	1e-6
2	44	preterm_no_hit_endocleaved	1	0	149	993978	1.5e-4
1	47	preterm_no_hit_endocleaved	1	NA	1	877908	1e-6
1	48	preterm_no_hit_endocleaved	1	0	9	639997	1.4e-5
1	49	preterm_no_hit_endocleaved	1	0	23	962427	2.4e-5
1	5	preterm_no_hit_endocleaved	1	NA	1	616848	2e-6
1	51	preterm_no_hit_endocleaved	1	0	10	950508	1.1e-5
1	52	preterm_no_hit_endocleaved	1	0	6	896623	7e-6
2	53	preterm_5_hit_endocleaved	1	NA	1	146289	7e-6
2	53	preterm_no_hit_endocleaved	1	0	48	962457	5e-5
1	54	preterm_no_hit_endocleaved	1	0	156	997243	1.56e-4
1	57	preterm_no_hit_endocleaved	1	NA	1	193385	5e-6
1	58	preterm_no_hit_endocleaved	1	0	2	813911	2e-6
1	59	preterm_no_hit_endocleaved	1	0	2	847237	2e-6
1	6	preterm_no_hit_endocleaved	1	0	3	943361	3e-6
2	61	preterm_5_hit_endocleaved	1	0	14	801509	1.7e-5
2	61	preterm_no_hit_endocleaved	1	1	77	979882	7.9e-5
2	62	preterm_5_hit_endocleaved	2	1	32	992174	3.2e-5
2	62	preterm_no_hit_endocleaved	1	0	160	992174	1.61e-4
2	63	preterm_5_hit_endocleaved	1	0	92	991372	9.3e-5
2	63	preterm_no_hit_endocleaved	1	0	555	995266	5.58e-4
2	64	preterm_5_hit_endocleaved	1	0	53	967917	5.5e-5
2	64	preterm_no_hit_endocleaved	1	0	607	995296	6.1e-4
2	65	preterm_5_hit_endocleaved	1	1	20	890244	2.2e-5
2	65	preterm_no_hit_endocleaved	1	0	40	953220	4.2e-5
2	66	preterm_5_hit_endocleaved	1	0	34	941796	3.6e-5
2	66	preterm_no_hit_endocleaved	1	0	96	991848	9.7e-5
2	67	preterm_5_hit_endocleaved	1	0	144	994919	1.45e-4
2	67	preterm_no_hit_endocleaved	1	0	345	998925	3.45e-4
2	68	preterm_5_hit_endocleaved	1	0	160	985357	1.62e-4
2	68	preterm_no_hit_endocleaved	1	0	861	998680	8.62e-4
2	69	preterm_5_hit_endocleaved	1	0	184	995387	1.85e-4
2	69	preterm_no_hit_endocleaved	1	0	1130	999494	0.001131
1	7	preterm_no_hit_endocleaved	1	0	13	906609	1.4e-5
2	71	preterm_5_hit_endocleaved	3	NA	3	350901	9e-6
2	71	preterm_no_hit_endocleaved	1	0	30	973622	3.1e-5
2	72	preterm_5_hit_endocleaved	2	0	4	867123	5e-6
2	72	preterm_no_hit_endocleaved	1	0	69	987699	7e-5
2	73	preterm_5_hit_endocleaved	1	NA	1	523374	2e-6
2	73	preterm_no_hit_endocleaved	1	0	267	989805	2.7e-4
2	74	preterm_5_hit_endocleaved	1	NA	1	671245	1e-6
2	74	preterm_no_hit_endocleaved	1	0	404	997430	4.05e-4
2	77	preterm_5_hit_endocleaved	1	NA	1	292406	3e-6
2	77	preterm_no_hit_endocleaved	2	0	8	305719	2.6e-5
2	78	preterm_5_hit_endocleaved	1	0	2	848829	2e-6
2	78	preterm_no_hit_endocleaved	1	0	47	980452	4.8e-5
2	79	preterm_5_hit_endocleaved	1	0	2	591831	3e-6
2	79	preterm_no_hit_endocleaved	1	0	83	989105	8.4e-5
2	8	preterm_5_hit_endocleaved	1	0	3	470264	6e-6
2	8	preterm_no_hit_endocleaved	1	0	56	968721	5.8e-5
1	81	preterm_no_hit_endocleaved	1	0	14	839406	1.7e-5
1	82	preterm_no_hit_endocleaved	1	0	54	958968	5.6e-5
2	83	preterm_5_hit_endocleaved	1	0	3	955104	3e-6
2	83	preterm_no_hit_endocleaved	1	0	221	999632	2.21e-4
2	84	preterm_5_hit_endocleaved	1	0	4	680319	6e-6
2	84	preterm_no_hit_endocleaved	1	0	383	998690	3.84e-4
1	88	preterm_no_hit_endocleaved	2	1	8	998555	8e-6
2	89	preterm_5_hit_endocleaved	1	NA	1	299895	3e-6
2	89	preterm_no_hit_endocleaved	1	1	14	972402	1.4e-5
2	9	preterm_5_hit_endocleaved	1	0	3	646128	5e-6
2	9	preterm_no_hit_endocleaved	1	0	94	990709	9.5e-5
2	91	preterm_5_hit_endocleaved	4	3	257	997197	2.58e-4
2	91	preterm_no_hit_endocleaved	3	3	518	997197	5.19e-4
2	92	preterm_5_hit_endocleaved	4	4	441	996908	4.42e-4
2	92	preterm_no_hit_endocleaved	2	3	895	999976	8.95e-4
2	93	preterm_5_hit_endocleaved	3	2	700	997348	7.02e-4
2	93	preterm_no_hit_endocleaved	2	2	1707	997348	0.001712
2	94	preterm_5_hit_endocleaved	1	1	158	999509	1.58e-4
2	94	preterm_no_hit_endocleaved	1	1	1022	999509	0.001023
2	95	preterm_5_hit_endocleaved	3	2	631	999719	6.31e-4
2	95	preterm_no_hit_endocleaved	2	1	625	999719	6.25e-4
2	96	preterm_5_hit_endocleaved	3	2	866	998917	8.67e-4
2	96	preterm_no_hit_endocleaved	2	1	911	998917	9.12e-4
2	97	preterm_5_hit_endocleaved	2	1	984	998477	9.85e-4
2	97	preterm_no_hit_endocleaved	2	1	1678	999967	0.001678
2	98	preterm_5_hit_endocleaved	1	0	777	999921	7.77e-4
2	98	preterm_no_hit_endocleaved	2	1	2127	999921	0.002127
2	99	preterm_5_hit_endocleaved	1	0	559	999520	5.59e-4
2	99	preterm_no_hit_endocleaved	2	1	2075	999540	0.002076
